<?xml version="1.0" encoding="UTF-8"?>
<!DOCTYPE suite SYSTEM "https://testng.org/testng-1.0.dtd">
<suite name="Suite" parallel ="true" thread-count="3">
  <test  name="Test">
    <classes>
      <class name="com.project.rll.runners.TestNgRunner"/>
    </classes>
  </test> <!-- Test -->
  <listeners>
	  <listener class-name="com.project.rll.retry.AnnotationTransformer"></listener>
	  <listener class-name="com.project.rll.listeners.ListenerTest"></listener>
  </listeners>
</suite> <!-- Suite -->
